measurement,matchField,matchTag.instance,matchTag.device,matchTag.source,matchTag.pgn,outputField,outputTag.instance,factor,offset
victron,temperature/Temperature,dca6325c100e,20,,,Temperature,Work
victron,temperature/Temperature,dca6325c100e,21,,,Temperature,Living
victron,temperature/Temperature,dca6325c100e,22,,,Temperature,Outdoor

nmea,"Latitude, deg",,,127,,Lat,,
nmea,"Longitude, deg",,,127,,Lon,,
nmea,"COG, deg",,,127,,COG,,
nmea,"SOG, kn",,,127,,SOG,,
# output = value * factor + offset. offset enables affine conversions the factor
# alone cannot, e.g. Kelvin -> degC (factor 1, offset -273.15):
nmea,"Outside Ambient Air Temperature",,,10,130310,Temperature,Outside,1,-273.15

h5000,GPS/Latitude,,,,,Lat,
h5000,GPS/Longitude,,,,,Lon,
